type,date,contractSymbol,strike,bid,ask,bid/strike,vol,avg_vol,|1-(strike/close)|,Change,MA5,MA20,MA40,MA80,MA40_state,MA80_state,MA40_state_keep,MA80_state_keep,situation_type,k,d
call,2019-10-18,AKAM191018C00080000,80.0,0.0,0.0,0.0,1.0,-1,0.114,0.0,90.08,90.0,89.8,86.9,1,1,5,153,big_cow,60.773,53.436
call,2019-10-18,AKAM191018C00083000,83.0,6.1,10.7,0.073,nan,-1,0.081,0.0,90.08,90.0,89.8,86.9,1,1,5,153,big_cow,60.773,53.436
call,2019-10-18,AKAM191018C00084000,84.0,6.6,9.75,0.079,3.0,-1,0.07,0.0,90.08,90.0,89.8,86.9,1,1,5,153,big_cow,60.773,53.436
call,2019-10-18,AKAM191018C00085000,85.0,0.0,0.0,0.0,2.0,-1,0.059,0.0,90.08,90.0,89.8,86.9,1,1,5,153,big_cow,60.773,53.436
call,2019-10-18,AKAM191018C00085500,85.5,0.0,0.0,0.0,nan,-1,0.053,0.0,90.08,90.0,89.8,86.9,1,1,5,153,big_cow,60.773,53.436
call,2019-10-18,AKAM191018C00086000,86.0,5.05,6.25,0.059,nan,-1,0.048,0.0,90.08,90.0,89.8,86.9,1,1,5,153,big_cow,60.773,53.436
call,2019-10-18,AKAM191018C00086500,86.5,3.9,6.05,0.045,11.0,-1,0.042,0.0,90.08,90.0,89.8,86.9,1,1,5,153,big_cow,60.773,53.436
call,2019-10-18,AKAM191018C00087000,87.0,3.5,6.6,0.04,1.0,-1,0.037,0.0,90.08,90.0,89.8,86.9,1,1,5,153,big_cow,60.773,53.436
call,2019-10-18,AKAM191018C00087500,87.5,2.88,5.2,0.033,2.0,-1,0.031,0.0,90.08,90.0,89.8,86.9,1,1,5,153,big_cow,60.773,53.436
call,2019-10-18,AKAM191018C00088000,88.0,2.92,4.15,0.033,120.0,-1,0.026,0.0,90.08,90.0,89.8,86.9,1,1,5,153,big_cow,60.773,53.436
call,2019-10-18,AKAM191018C00088500,88.5,0.0,0.0,0.0,2.0,-1,0.02,0.0,90.08,90.0,89.8,86.9,1,1,5,153,big_cow,60.773,53.436
call,2019-10-18,AKAM191018C00089000,89.0,2.38,2.66,0.027,1.0,-1,0.015,0.0,90.08,90.0,89.8,86.9,1,1,5,153,big_cow,60.773,53.436
call,2019-10-18,AKAM191018C00089500,89.5,0.0,0.0,0.0,1.0,-1,0.009,0.0,90.08,90.0,89.8,86.9,1,1,5,153,big_cow,60.773,53.436
call,2019-10-18,AKAM191018C00090000,90.0,1.54,1.85,0.017,4.0,-1,0.004,0.0,90.08,90.0,89.8,86.9,1,1,5,153,big_cow,60.773,53.436
call,2019-10-18,AKAM191018C00090500,90.5,1.23,1.5,0.014,6.0,-1,0.002,0.0,90.08,90.0,89.8,86.9,1,1,5,153,big_cow,60.773,53.436
call,2019-10-18,AKAM191018C00091000,91.0,0.89,1.12,0.01,32.0,-1,0.008,0.0,90.08,90.0,89.8,86.9,1,1,5,153,big_cow,60.773,53.436
call,2019-10-18,AKAM191018C00091500,91.5,0.0,0.0,0.0,1.0,-1,0.013,0.0,90.08,90.0,89.8,86.9,1,1,5,153,big_cow,60.773,53.436
call,2019-10-18,AKAM191018C00092000,92.0,0.38,0.52,0.004,4.0,-1,0.019,0.0,90.08,90.0,89.8,86.9,1,1,5,153,big_cow,60.773,53.436
call,2019-10-18,AKAM191018C00092500,92.5,0.22,0.33,0.002,9.0,-1,0.024,0.0,90.08,90.0,89.8,86.9,1,1,5,153,big_cow,60.773,53.436
call,2019-10-18,AKAM191018C00093000,93.0,0.0,0.0,0.0,18.0,-1,0.03,0.0,90.08,90.0,89.8,86.9,1,1,5,153,big_cow,60.773,53.436
call,2019-10-18,AKAM191018C00093500,93.5,0.0,0.0,0.0,14.0,-1,0.035,0.0,90.08,90.0,89.8,86.9,1,1,5,153,big_cow,60.773,53.436
call,2019-10-18,AKAM191018C00094000,94.0,0.03,0.09,0.0,4.0,-1,0.041,0.0,90.08,90.0,89.8,86.9,1,1,5,153,big_cow,60.773,53.436
call,2019-10-18,AKAM191018C00094500,94.5,0.0,0.0,0.0,10.0,-1,0.046,0.0,90.08,90.0,89.8,86.9,1,1,5,153,big_cow,60.773,53.436
call,2019-10-18,AKAM191018C00095000,95.0,0.0,0.09,0.0,20.0,-1,0.052,0.0,90.08,90.0,89.8,86.9,1,1,5,153,big_cow,60.773,53.436
call,2019-10-18,AKAM191018C00095500,95.5,0.0,0.0,0.0,2.0,-1,0.057,0.0,90.08,90.0,89.8,86.9,1,1,5,153,big_cow,60.773,53.436
call,2019-10-18,AKAM191018C00096000,96.0,0.0,0.0,0.0,nan,-1,0.063,0.0,90.08,90.0,89.8,86.9,1,1,5,153,big_cow,60.773,53.436
call,2019-10-18,AKAM191018C00096500,96.5,0.0,0.0,0.0,2.0,-1,0.068,0.0,90.08,90.0,89.8,86.9,1,1,5,153,big_cow,60.773,53.436
call,2019-10-18,AKAM191018C00097000,97.0,0.0,0.0,0.0,5.0,-1,0.074,0.0,90.08,90.0,89.8,86.9,1,1,5,153,big_cow,60.773,53.436
call,2019-10-18,AKAM191018C00097500,97.5,0.0,0.0,0.0,2.0,-1,0.079,0.0,90.08,90.0,89.8,86.9,1,1,5,153,big_cow,60.773,53.436
call,2019-10-18,AKAM191018C00098000,98.0,0.0,0.0,0.0,nan,-1,0.085,0.0,90.08,90.0,89.8,86.9,1,1,5,153,big_cow,60.773,53.436
call,2019-10-18,AKAM191018C00100000,100.0,0.0,0.3,0.0,3.0,-1,0.107,0.0,90.08,90.0,89.8,86.9,1,1,5,153,big_cow,60.773,53.436
put,2019-10-18,AKAM191018P00070000,70.0,0.01,1.31,0.0,nan,-1,0.225,0.0,90.08,90.0,89.8,86.9,1,1,5,153,big_cow,60.773,53.436
put,2019-10-18,AKAM191018P00075000,75.0,0.0,0.75,0.0,nan,-1,0.17,0.0,90.08,90.0,89.8,86.9,1,1,5,153,big_cow,60.773,53.436
put,2019-10-18,AKAM191018P00077500,77.5,0.0,0.05,0.0,4.0,-1,0.142,0.0,90.08,90.0,89.8,86.9,1,1,5,153,big_cow,60.773,53.436
put,2019-10-18,AKAM191018P00080000,80.0,0.0,0.0,0.0,20.0,-1,0.114,0.0,90.08,90.0,89.8,86.9,1,1,5,153,big_cow,60.773,53.436
put,2019-10-18,AKAM191018P00082000,82.0,0.0,0.1,0.0,20.0,-1,0.092,0.0,90.08,90.0,89.8,86.9,1,1,5,153,big_cow,60.773,53.436
put,2019-10-18,AKAM191018P00082500,82.5,0.0,0.11,0.0,5.0,-1,0.087,0.0,90.08,90.0,89.8,86.9,1,1,5,153,big_cow,60.773,53.436
put,2019-10-18,AKAM191018P00083000,83.0,0.0,0.5,0.0,6.0,-1,0.081,0.0,90.08,90.0,89.8,86.9,1,1,5,153,big_cow,60.773,53.436
put,2019-10-18,AKAM191018P00084000,84.0,0.0,0.24,0.0,25.0,-1,0.07,0.0,90.08,90.0,89.8,86.9,1,1,5,153,big_cow,60.773,53.436
put,2019-10-18,AKAM191018P00085000,85.0,0.0,0.1,0.0,6.0,-1,0.059,0.0,90.08,90.0,89.8,86.9,1,1,5,153,big_cow,60.773,53.436
put,2019-10-18,AKAM191018P00086000,86.0,0.0,0.0,0.0,15.0,-1,0.048,0.0,90.08,90.0,89.8,86.9,1,1,5,153,big_cow,60.773,53.436
put,2019-10-18,AKAM191018P00086500,86.5,0.0,0.08,0.0,1.0,-1,0.042,0.0,90.08,90.0,89.8,86.9,1,1,5,153,big_cow,60.773,53.436
put,2019-10-18,AKAM191018P00087000,87.0,0.03,0.0,0.0,20.0,-1,0.037,0.0,90.08,90.0,89.8,86.9,1,1,5,153,big_cow,60.773,53.436
put,2019-10-18,AKAM191018P00087500,87.5,0.0,0.0,0.0,5.0,-1,0.031,0.0,90.08,90.0,89.8,86.9,1,1,5,153,big_cow,60.773,53.436
put,2019-10-18,AKAM191018P00088000,88.0,0.0,0.14,0.0,255.0,-1,0.026,0.0,90.08,90.0,89.8,86.9,1,1,5,153,big_cow,60.773,53.436
put,2019-10-18,AKAM191018P00088500,88.5,0.09,0.15,0.001,121.0,-1,0.02,0.0,90.08,90.0,89.8,86.9,1,1,5,153,big_cow,60.773,53.436
put,2019-10-18,AKAM191018P00089000,89.0,0.12,0.35,0.001,55.0,-1,0.015,0.0,90.08,90.0,89.8,86.9,1,1,5,153,big_cow,60.773,53.436
put,2019-10-18,AKAM191018P00089500,89.5,0.15,0.43,0.002,6.0,-1,0.009,0.0,90.08,90.0,89.8,86.9,1,1,5,153,big_cow,60.773,53.436
put,2019-10-18,AKAM191018P00090000,90.0,0.26,0.43,0.003,1.0,-1,0.004,0.0,90.08,90.0,89.8,86.9,1,1,5,153,big_cow,60.773,53.436
put,2019-10-18,AKAM191018P00090500,90.5,0.39,0.52,0.004,4.0,-1,0.002,0.0,90.08,90.0,89.8,86.9,1,1,5,153,big_cow,60.773,53.436
put,2019-10-18,AKAM191018P00091000,91.0,0.5,0.68,0.005,4.0,-1,0.008,0.0,90.08,90.0,89.8,86.9,1,1,5,153,big_cow,60.773,53.436
put,2019-10-18,AKAM191018P00091500,91.5,0.72,0.88,0.008,1.0,-1,0.013,0.0,90.08,90.0,89.8,86.9,1,1,5,153,big_cow,60.773,53.436
put,2019-10-18,AKAM191018P00092000,92.0,1.02,1.2,0.011,nan,-1,0.019,0.0,90.08,90.0,89.8,86.9,1,1,5,153,big_cow,60.773,53.436
put,2019-10-18,AKAM191018P00092500,92.5,1.34,1.55,0.014,nan,-1,0.024,0.0,90.08,90.0,89.8,86.9,1,1,5,153,big_cow,60.773,53.436
put,2019-10-18,AKAM191018P00093000,93.0,0.0,0.0,0.0,116.0,-1,0.03,0.0,90.08,90.0,89.8,86.9,1,1,5,153,big_cow,60.773,53.436
put,2019-10-18,AKAM191018P00093500,93.5,0.0,0.0,0.0,nan,-1,0.035,0.0,90.08,90.0,89.8,86.9,1,1,5,153,big_cow,60.773,53.436
put,2019-10-18,AKAM191018P00095000,95.0,3.1,7.25,0.033,6.0,-1,0.052,0.0,90.08,90.0,89.8,86.9,1,1,5,153,big_cow,60.773,53.436
put,2019-10-18,AKAM191018P00100000,100.0,7.1,9.45,0.071,nan,-1,0.107,0.0,90.08,90.0,89.8,86.9,1,1,5,153,big_cow,60.773,53.436
call,2019-10-25,AKAM191025C00075000,75.0,14.15,18.6,0.189,nan,-1,0.17,0.0,90.08,90.0,89.8,86.9,1,1,5,153,big_cow,60.773,53.436
call,2019-10-25,AKAM191025C00083000,83.0,6.6,10.8,0.08,nan,-1,0.081,0.0,90.08,90.0,89.8,86.9,1,1,5,153,big_cow,60.773,53.436
call,2019-10-25,AKAM191025C00084000,84.0,5.75,9.6,0.068,7.0,-1,0.07,0.0,90.08,90.0,89.8,86.9,1,1,5,153,big_cow,60.773,53.436
call,2019-10-25,AKAM191025C00085000,85.0,5.35,8.35,0.063,2.0,-1,0.059,0.0,90.08,90.0,89.8,86.9,1,1,5,153,big_cow,60.773,53.436
call,2019-10-25,AKAM191025C00087000,87.0,4.4,5.0,0.051,7.0,-1,0.037,0.0,90.08,90.0,89.8,86.9,1,1,5,153,big_cow,60.773,53.436
call,2019-10-25,AKAM191025C00088000,88.0,3.55,4.2,0.04,2.0,-1,0.026,0.0,90.08,90.0,89.8,86.9,1,1,5,153,big_cow,60.773,53.436
call,2019-10-25,AKAM191025C00088500,88.5,3.25,4.55,0.037,2.0,-1,0.02,0.0,90.08,90.0,89.8,86.9,1,1,5,153,big_cow,60.773,53.436
call,2019-10-25,AKAM191025C00089000,89.0,2.85,3.2,0.032,2.0,-1,0.015,0.0,90.08,90.0,89.8,86.9,1,1,5,153,big_cow,60.773,53.436
call,2019-10-25,AKAM191025C00089500,89.5,2.46,2.87,0.027,1.0,-1,0.009,0.0,90.08,90.0,89.8,86.9,1,1,5,153,big_cow,60.773,53.436
call,2019-10-25,AKAM191025C00090000,90.0,0.0,0.0,0.0,6.0,-1,0.004,0.0,90.08,90.0,89.8,86.9,1,1,5,153,big_cow,60.773,53.436
call,2019-10-25,AKAM191025C00090500,90.5,0.0,0.0,0.0,1.0,-1,0.002,0.0,90.08,90.0,89.8,86.9,1,1,5,153,big_cow,60.773,53.436
call,2019-10-25,AKAM191025C00091000,91.0,1.44,1.73,0.016,5.0,-1,0.008,0.0,90.08,90.0,89.8,86.9,1,1,5,153,big_cow,60.773,53.436
call,2019-10-25,AKAM191025C00091500,91.5,1.16,1.32,0.013,53.0,-1,0.013,0.0,90.08,90.0,89.8,86.9,1,1,5,153,big_cow,60.773,53.436
call,2019-10-25,AKAM191025C00092000,92.0,0.95,1.08,0.01,38.0,-1,0.019,0.0,90.08,90.0,89.8,86.9,1,1,5,153,big_cow,60.773,53.436
call,2019-10-25,AKAM191025C00092500,92.5,0.0,0.0,0.0,1.0,-1,0.024,0.0,90.08,90.0,89.8,86.9,1,1,5,153,big_cow,60.773,53.436
call,2019-10-25,AKAM191025C00093000,93.0,0.55,0.69,0.006,5.0,-1,0.03,0.0,90.08,90.0,89.8,86.9,1,1,5,153,big_cow,60.773,53.436
call,2019-10-25,AKAM191025C00093500,93.5,0.0,0.0,0.0,6.0,-1,0.035,0.0,90.08,90.0,89.8,86.9,1,1,5,153,big_cow,60.773,53.436
call,2019-10-25,AKAM191025C00094000,94.0,0.23,0.63,0.002,1.0,-1,0.041,0.0,90.08,90.0,89.8,86.9,1,1,5,153,big_cow,60.773,53.436
call,2019-10-25,AKAM191025C00095000,95.0,0.12,0.44,0.001,1.0,-1,0.052,0.0,90.08,90.0,89.8,86.9,1,1,5,153,big_cow,60.773,53.436
call,2019-10-25,AKAM191025C00095500,95.5,0.0,0.0,0.0,nan,-1,0.057,0.0,90.08,90.0,89.8,86.9,1,1,5,153,big_cow,60.773,53.436
call,2019-10-25,AKAM191025C00096000,96.0,0.08,0.34,0.001,nan,-1,0.063,0.0,90.08,90.0,89.8,86.9,1,1,5,153,big_cow,60.773,53.436
call,2019-10-25,AKAM191025C00097000,97.0,0.02,0.12,0.0,nan,-1,0.074,0.0,90.08,90.0,89.8,86.9,1,1,5,153,big_cow,60.773,53.436
call,2019-10-25,AKAM191025C00098000,98.0,0.09,0.5,0.001,2.0,-1,0.085,0.0,90.08,90.0,89.8,86.9,1,1,5,153,big_cow,60.773,53.436
put,2019-10-25,AKAM191025P00075000,75.0,nan,0.0,nan,nan,-1,0.17,0.0,90.08,90.0,89.8,86.9,1,1,5,153,big_cow,60.773,53.436
put,2019-10-25,AKAM191025P00080000,80.0,0.0,4.85,0.0,nan,-1,0.114,0.0,90.08,90.0,89.8,86.9,1,1,5,153,big_cow,60.773,53.436
put,2019-10-25,AKAM191025P00082500,82.5,0.05,4.9,0.001,nan,-1,0.087,0.0,90.08,90.0,89.8,86.9,1,1,5,153,big_cow,60.773,53.436
put,2019-10-25,AKAM191025P00083000,83.0,0.0,0.0,0.0,nan,-1,0.081,0.0,90.08,90.0,89.8,86.9,1,1,5,153,big_cow,60.773,53.436
put,2019-10-25,AKAM191025P00084000,84.0,0.0,0.0,0.0,1.0,-1,0.07,0.0,90.08,90.0,89.8,86.9,1,1,5,153,big_cow,60.773,53.436
put,2019-10-25,AKAM191025P00084500,84.5,0.05,0.24,0.001,nan,-1,0.064,0.0,90.08,90.0,89.8,86.9,1,1,5,153,big_cow,60.773,53.436
put,2019-10-25,AKAM191025P00085000,85.0,0.07,0.15,0.001,nan,-1,0.059,0.0,90.08,90.0,89.8,86.9,1,1,5,153,big_cow,60.773,53.436
put,2019-10-25,AKAM191025P00086000,86.0,0.13,0.4,0.002,10.0,-1,0.048,0.0,90.08,90.0,89.8,86.9,1,1,5,153,big_cow,60.773,53.436
put,2019-10-25,AKAM191025P00086500,86.5,0.0,0.38,0.0,nan,-1,0.042,0.0,90.08,90.0,89.8,86.9,1,1,5,153,big_cow,60.773,53.436
put,2019-10-25,AKAM191025P00087000,87.0,0.16,0.48,0.002,10.0,-1,0.037,0.0,90.08,90.0,89.8,86.9,1,1,5,153,big_cow,60.773,53.436
put,2019-10-25,AKAM191025P00087500,87.5,0.0,0.0,0.0,nan,-1,0.031,0.0,90.08,90.0,89.8,86.9,1,1,5,153,big_cow,60.773,53.436
put,2019-10-25,AKAM191025P00088000,88.0,0.26,0.56,0.003,4.0,-1,0.026,0.0,90.08,90.0,89.8,86.9,1,1,5,153,big_cow,60.773,53.436
put,2019-10-25,AKAM191025P00089000,89.0,0.45,0.68,0.005,1.0,-1,0.015,0.0,90.08,90.0,89.8,86.9,1,1,5,153,big_cow,60.773,53.436
put,2019-10-25,AKAM191025P00089500,89.5,0.56,0.79,0.006,nan,-1,0.009,0.0,90.08,90.0,89.8,86.9,1,1,5,153,big_cow,60.773,53.436
put,2019-10-25,AKAM191025P00090000,90.0,0.7,0.84,0.008,1.0,-1,0.004,0.0,90.08,90.0,89.8,86.9,1,1,5,153,big_cow,60.773,53.436
put,2019-10-25,AKAM191025P00091000,91.0,1.04,1.21,0.011,nan,-1,0.008,0.0,90.08,90.0,89.8,86.9,1,1,5,153,big_cow,60.773,53.436
put,2019-10-25,AKAM191025P00093000,93.0,1.73,4.45,0.019,nan,-1,0.03,0.0,90.08,90.0,89.8,86.9,1,1,5,153,big_cow,60.773,53.436
put,2019-10-25,AKAM191025P00093500,93.5,1.99,4.65,0.021,1.0,-1,0.035,0.0,90.08,90.0,89.8,86.9,1,1,5,153,big_cow,60.773,53.436
call,2019-11-01,AKAM191101C00080000,80.0,11.4,14.2,0.143,nan,-1,0.114,0.0,90.08,90.0,89.8,86.9,1,1,5,153,big_cow,60.773,53.436
call,2019-11-01,AKAM191101C00083000,83.0,0.0,0.0,0.0,nan,-1,0.081,0.0,90.08,90.0,89.8,86.9,1,1,5,153,big_cow,60.773,53.436
call,2019-11-01,AKAM191101C00084000,84.0,0.0,0.0,0.0,nan,-1,0.07,0.0,90.08,90.0,89.8,86.9,1,1,5,153,big_cow,60.773,53.436
call,2019-11-01,AKAM191101C00086500,86.5,6.35,7.05,0.073,nan,-1,0.042,0.0,90.08,90.0,89.8,86.9,1,1,5,153,big_cow,60.773,53.436
call,2019-11-01,AKAM191101C00087000,87.0,5.95,6.55,0.068,10.0,-1,0.037,0.0,90.08,90.0,89.8,86.9,1,1,5,153,big_cow,60.773,53.436
call,2019-11-01,AKAM191101C00088000,88.0,0.0,0.0,0.0,1.0,-1,0.026,0.0,90.08,90.0,89.8,86.9,1,1,5,153,big_cow,60.773,53.436
call,2019-11-01,AKAM191101C00088500,88.5,4.95,5.65,0.056,1.0,-1,0.02,0.0,90.08,90.0,89.8,86.9,1,1,5,153,big_cow,60.773,53.436
call,2019-11-01,AKAM191101C00089000,89.0,4.55,5.15,0.051,17.0,-1,0.015,0.0,90.08,90.0,89.8,86.9,1,1,5,153,big_cow,60.773,53.436
call,2019-11-01,AKAM191101C00089500,89.5,4.3,4.55,0.048,20.0,-1,0.009,0.0,90.08,90.0,89.8,86.9,1,1,5,153,big_cow,60.773,53.436
call,2019-11-01,AKAM191101C00090000,90.0,0.0,0.0,0.0,208.0,-1,0.004,0.0,90.08,90.0,89.8,86.9,1,1,5,153,big_cow,60.773,53.436
call,2019-11-01,AKAM191101C00090500,90.5,3.75,4.05,0.041,7.0,-1,0.002,0.0,90.08,90.0,89.8,86.9,1,1,5,153,big_cow,60.773,53.436
call,2019-11-01,AKAM191101C00091000,91.0,3.4,3.8,0.037,12.0,-1,0.008,0.0,90.08,90.0,89.8,86.9,1,1,5,153,big_cow,60.773,53.436
call,2019-11-01,AKAM191101C00091500,91.5,3.2,3.65,0.035,5.0,-1,0.013,0.0,90.08,90.0,89.8,86.9,1,1,5,153,big_cow,60.773,53.436
call,2019-11-01,AKAM191101C00092000,92.0,2.96,3.15,0.032,3.0,-1,0.019,0.0,90.08,90.0,89.8,86.9,1,1,5,153,big_cow,60.773,53.436
call,2019-11-01,AKAM191101C00092500,92.5,2.75,3.1,0.03,1.0,-1,0.024,0.0,90.08,90.0,89.8,86.9,1,1,5,153,big_cow,60.773,53.436
call,2019-11-01,AKAM191101C00093000,93.0,2.43,2.71,0.026,1.0,-1,0.03,0.0,90.08,90.0,89.8,86.9,1,1,5,153,big_cow,60.773,53.436
call,2019-11-01,AKAM191101C00093500,93.5,2.31,2.69,0.025,nan,-1,0.035,0.0,90.08,90.0,89.8,86.9,1,1,5,153,big_cow,60.773,53.436
call,2019-11-01,AKAM191101C00094500,94.5,1.93,2.32,0.02,10.0,-1,0.046,0.0,90.08,90.0,89.8,86.9,1,1,5,153,big_cow,60.773,53.436
call,2019-11-01,AKAM191101C00095000,95.0,1.65,2.11,0.017,3.0,-1,0.052,0.0,90.08,90.0,89.8,86.9,1,1,5,153,big_cow,60.773,53.436
call,2019-11-01,AKAM191101C00095500,95.5,0.0,0.0,0.0,nan,-1,0.057,0.0,90.08,90.0,89.8,86.9,1,1,5,153,big_cow,60.773,53.436
call,2019-11-01,AKAM191101C00096000,96.0,1.43,1.78,0.015,1.0,-1,0.063,0.0,90.08,90.0,89.8,86.9,1,1,5,153,big_cow,60.773,53.436
call,2019-11-01,AKAM191101C00096500,96.5,1.3,1.51,0.013,nan,-1,0.068,0.0,90.08,90.0,89.8,86.9,1,1,5,153,big_cow,60.773,53.436
call,2019-11-01,AKAM191101C00097500,97.5,1.05,1.33,0.011,4.0,-1,0.079,0.0,90.08,90.0,89.8,86.9,1,1,5,153,big_cow,60.773,53.436
call,2019-11-01,AKAM191101C00100000,100.0,0.41,0.81,0.004,5.0,-1,0.107,0.0,90.08,90.0,89.8,86.9,1,1,5,153,big_cow,60.773,53.436
call,2019-11-01,AKAM191101C00105000,105.0,0.0,0.0,0.0,1.0,-1,0.163,0.0,90.08,90.0,89.8,86.9,1,1,5,153,big_cow,60.773,53.436
put,2019-11-01,AKAM191101P00070000,70.0,0.02,0.8,0.0,nan,-1,0.225,0.0,90.08,90.0,89.8,86.9,1,1,5,153,big_cow,60.773,53.436
put,2019-11-01,AKAM191101P00080000,80.0,0.0,0.0,0.0,4.0,-1,0.114,0.0,90.08,90.0,89.8,86.9,1,1,5,153,big_cow,60.773,53.436
put,2019-11-01,AKAM191101P00082500,82.5,0.6,0.99,0.007,37.0,-1,0.087,0.0,90.08,90.0,89.8,86.9,1,1,5,153,big_cow,60.773,53.436
put,2019-11-01,AKAM191101P00083000,83.0,0.6,1.13,0.007,nan,-1,0.081,0.0,90.08,90.0,89.8,86.9,1,1,5,153,big_cow,60.773,53.436
put,2019-11-01,AKAM191101P00083500,83.5,0.74,1.16,0.009,nan,-1,0.076,0.0,90.08,90.0,89.8,86.9,1,1,5,153,big_cow,60.773,53.436
put,2019-11-01,AKAM191101P00084500,84.5,0.91,1.31,0.011,6.0,-1,0.064,0.0,90.08,90.0,89.8,86.9,1,1,5,153,big_cow,60.773,53.436
put,2019-11-01,AKAM191101P00085000,85.0,1.05,1.38,0.012,2.0,-1,0.059,0.0,90.08,90.0,89.8,86.9,1,1,5,153,big_cow,60.773,53.436
put,2019-11-01,AKAM191101P00086000,86.0,1.25,1.63,0.015,1.0,-1,0.048,0.0,90.08,90.0,89.8,86.9,1,1,5,153,big_cow,60.773,53.436
put,2019-11-01,AKAM191101P00086500,86.5,0.0,0.0,0.0,5.0,-1,0.042,0.0,90.08,90.0,89.8,86.9,1,1,5,153,big_cow,60.773,53.436
put,2019-11-01,AKAM191101P00087000,87.0,0.0,0.0,0.0,1.0,-1,0.037,0.0,90.08,90.0,89.8,86.9,1,1,5,153,big_cow,60.773,53.436
put,2019-11-01,AKAM191101P00087500,87.5,1.73,2.04,0.02,2.0,-1,0.031,0.0,90.08,90.0,89.8,86.9,1,1,5,153,big_cow,60.773,53.436
put,2019-11-01,AKAM191101P00088000,88.0,0.0,0.0,0.0,nan,-1,0.026,0.0,90.08,90.0,89.8,86.9,1,1,5,153,big_cow,60.773,53.436
put,2019-11-01,AKAM191101P00088500,88.5,2.04,2.43,0.023,2.0,-1,0.02,0.0,90.08,90.0,89.8,86.9,1,1,5,153,big_cow,60.773,53.436
put,2019-11-01,AKAM191101P00089000,89.0,2.21,2.41,0.025,3.0,-1,0.015,0.0,90.08,90.0,89.8,86.9,1,1,5,153,big_cow,60.773,53.436
put,2019-11-01,AKAM191101P00089500,89.5,2.43,2.81,0.027,2.0,-1,0.009,0.0,90.08,90.0,89.8,86.9,1,1,5,153,big_cow,60.773,53.436
put,2019-11-01,AKAM191101P00090000,90.0,0.0,0.0,0.0,3.0,-1,0.004,0.0,90.08,90.0,89.8,86.9,1,1,5,153,big_cow,60.773,53.436
put,2019-11-01,AKAM191101P00090500,90.5,2.83,3.35,0.031,1.0,-1,0.002,0.0,90.08,90.0,89.8,86.9,1,1,5,153,big_cow,60.773,53.436
put,2019-11-01,AKAM191101P00091000,91.0,2.98,3.2,0.033,1.0,-1,0.008,0.0,90.08,90.0,89.8,86.9,1,1,5,153,big_cow,60.773,53.436
put,2019-11-01,AKAM191101P00092000,92.0,3.4,3.9,0.037,nan,-1,0.019,0.0,90.08,90.0,89.8,86.9,1,1,5,153,big_cow,60.773,53.436
put,2019-11-01,AKAM191101P00093500,93.5,4.3,4.55,0.046,nan,-1,0.035,0.0,90.08,90.0,89.8,86.9,1,1,5,153,big_cow,60.773,53.436
call,2019-11-08,AKAM191108C00070000,70.0,0.0,0.0,0.0,nan,-1,0.225,0.0,90.08,90.0,89.8,86.9,1,1,5,153,big_cow,60.773,53.436
call,2019-11-08,AKAM191108C00087500,87.5,5.8,6.05,0.066,nan,-1,0.031,0.0,90.08,90.0,89.8,86.9,1,1,5,153,big_cow,60.773,53.436
call,2019-11-08,AKAM191108C00088000,88.0,5.3,6.15,0.06,13.0,-1,0.026,0.0,90.08,90.0,89.8,86.9,1,1,5,153,big_cow,60.773,53.436
call,2019-11-08,AKAM191108C00088500,88.5,0.0,0.0,0.0,nan,-1,0.02,0.0,90.08,90.0,89.8,86.9,1,1,5,153,big_cow,60.773,53.436
call,2019-11-08,AKAM191108C00089000,89.0,4.65,5.5,0.052,1.0,-1,0.015,0.0,90.08,90.0,89.8,86.9,1,1,5,153,big_cow,60.773,53.436
call,2019-11-08,AKAM191108C00089500,89.5,0.0,0.0,0.0,1.0,-1,0.009,0.0,90.08,90.0,89.8,86.9,1,1,5,153,big_cow,60.773,53.436
call,2019-11-08,AKAM191108C00090000,90.0,4.2,4.45,0.047,1.0,-1,0.004,0.0,90.08,90.0,89.8,86.9,1,1,5,153,big_cow,60.773,53.436
call,2019-11-08,AKAM191108C00090500,90.5,0.0,0.0,0.0,1.0,-1,0.002,0.0,90.08,90.0,89.8,86.9,1,1,5,153,big_cow,60.773,53.436
call,2019-11-08,AKAM191108C00091000,91.0,3.6,3.9,0.04,nan,-1,0.008,0.0,90.08,90.0,89.8,86.9,1,1,5,153,big_cow,60.773,53.436
call,2019-11-08,AKAM191108C00091500,91.5,3.4,3.85,0.037,2.0,-1,0.013,0.0,90.08,90.0,89.8,86.9,1,1,5,153,big_cow,60.773,53.436
call,2019-11-08,AKAM191108C00092000,92.0,3.1,3.4,0.034,1.0,-1,0.019,0.0,90.08,90.0,89.8,86.9,1,1,5,153,big_cow,60.773,53.436
call,2019-11-08,AKAM191108C00092500,92.5,0.0,0.0,0.0,4.0,-1,0.024,0.0,90.08,90.0,89.8,86.9,1,1,5,153,big_cow,60.773,53.436
call,2019-11-08,AKAM191108C00096000,96.0,0.0,0.0,0.0,5.0,-1,0.063,0.0,90.08,90.0,89.8,86.9,1,1,5,153,big_cow,60.773,53.436
call,2019-11-08,AKAM191108C00096500,96.5,0.0,0.0,0.0,4.0,-1,0.068,0.0,90.08,90.0,89.8,86.9,1,1,5,153,big_cow,60.773,53.436
call,2019-11-08,AKAM191108C00100000,100.0,0.56,0.88,0.006,nan,-1,0.107,0.0,90.08,90.0,89.8,86.9,1,1,5,153,big_cow,60.773,53.436
call,2019-11-08,AKAM191108C00105000,105.0,0.2,0.43,0.002,nan,-1,0.163,0.0,90.08,90.0,89.8,86.9,1,1,5,153,big_cow,60.773,53.436
put,2019-11-08,AKAM191108P00075000,75.0,0.18,0.0,0.002,nan,-1,0.17,0.0,90.08,90.0,89.8,86.9,1,1,5,153,big_cow,60.773,53.436
put,2019-11-08,AKAM191108P00080000,80.0,0.0,0.0,0.0,4.0,-1,0.114,0.0,90.08,90.0,89.8,86.9,1,1,5,153,big_cow,60.773,53.436
put,2019-11-08,AKAM191108P00083000,83.0,0.76,1.15,0.009,5.0,-1,0.081,0.0,90.08,90.0,89.8,86.9,1,1,5,153,big_cow,60.773,53.436
put,2019-11-08,AKAM191108P00083500,83.5,0.0,0.0,0.0,4.0,-1,0.076,0.0,90.08,90.0,89.8,86.9,1,1,5,153,big_cow,60.773,53.436
put,2019-11-08,AKAM191108P00084500,84.5,0.0,0.0,0.0,2.0,-1,0.064,0.0,90.08,90.0,89.8,86.9,1,1,5,153,big_cow,60.773,53.436
put,2019-11-08,AKAM191108P00085000,85.0,1.14,1.59,0.013,nan,-1,0.059,0.0,90.08,90.0,89.8,86.9,1,1,5,153,big_cow,60.773,53.436
put,2019-11-08,AKAM191108P00086000,86.0,1.44,1.63,0.017,7.0,-1,0.048,0.0,90.08,90.0,89.8,86.9,1,1,5,153,big_cow,60.773,53.436
put,2019-11-08,AKAM191108P00086500,86.5,1.6,1.92,0.018,5.0,-1,0.042,0.0,90.08,90.0,89.8,86.9,1,1,5,153,big_cow,60.773,53.436
put,2019-11-08,AKAM191108P00087000,87.0,1.67,2.19,0.019,15.0,-1,0.037,0.0,90.08,90.0,89.8,86.9,1,1,5,153,big_cow,60.773,53.436
put,2019-11-08,AKAM191108P00087500,87.5,1.88,2.01,0.021,4.0,-1,0.031,0.0,90.08,90.0,89.8,86.9,1,1,5,153,big_cow,60.773,53.436
put,2019-11-08,AKAM191108P00088000,88.0,1.98,2.45,0.022,nan,-1,0.026,0.0,90.08,90.0,89.8,86.9,1,1,5,153,big_cow,60.773,53.436
put,2019-11-08,AKAM191108P00088500,88.5,2.19,2.53,0.025,5.0,-1,0.02,0.0,90.08,90.0,89.8,86.9,1,1,5,153,big_cow,60.773,53.436
put,2019-11-08,AKAM191108P00089000,89.0,2.32,2.54,0.026,21.0,-1,0.015,0.0,90.08,90.0,89.8,86.9,1,1,5,153,big_cow,60.773,53.436
put,2019-11-08,AKAM191108P00089500,89.5,0.0,0.0,0.0,1.0,-1,0.009,0.0,90.08,90.0,89.8,86.9,1,1,5,153,big_cow,60.773,53.436
put,2019-11-08,AKAM191108P00090000,90.0,0.0,0.0,0.0,18.0,-1,0.004,0.0,90.08,90.0,89.8,86.9,1,1,5,153,big_cow,60.773,53.436
put,2019-11-08,AKAM191108P00090500,90.5,2.99,3.4,0.033,nan,-1,0.002,0.0,90.08,90.0,89.8,86.9,1,1,5,153,big_cow,60.773,53.436
put,2019-11-08,AKAM191108P00095000,95.0,0.0,0.0,0.0,nan,-1,0.052,0.0,90.08,90.0,89.8,86.9,1,1,5,153,big_cow,60.773,53.436
call,2019-11-15,AKAM191115C00060000,60.0,29.35,33.2,0.489,4.0,-1,0.336,0.0,90.08,90.0,89.8,86.9,1,1,5,153,big_cow,60.773,53.436
call,2019-11-15,AKAM191115C00065000,65.0,24.15,28.4,0.372,1.0,-1,0.28,0.0,90.08,90.0,89.8,86.9,1,1,5,153,big_cow,60.773,53.436
call,2019-11-15,AKAM191115C00067500,67.5,22.3,24.65,0.33,nan,-1,0.253,0.0,90.08,90.0,89.8,86.9,1,1,5,153,big_cow,60.773,53.436
call,2019-11-15,AKAM191115C00070000,70.0,0.0,0.0,0.0,1.0,-1,0.225,0.0,90.08,90.0,89.8,86.9,1,1,5,153,big_cow,60.773,53.436
call,2019-11-15,AKAM191115C00072500,72.5,16.85,21.1,0.232,6.0,-1,0.197,0.0,90.08,90.0,89.8,86.9,1,1,5,153,big_cow,60.773,53.436
call,2019-11-15,AKAM191115C00075000,75.0,0.0,0.0,0.0,2.0,-1,0.17,0.0,90.08,90.0,89.8,86.9,1,1,5,153,big_cow,60.773,53.436
call,2019-11-15,AKAM191115C00077500,77.5,12.15,16.05,0.157,2.0,-1,0.142,0.0,90.08,90.0,89.8,86.9,1,1,5,153,big_cow,60.773,53.436
call,2019-11-15,AKAM191115C00080000,80.0,11.65,12.3,0.146,36.0,-1,0.114,0.0,90.08,90.0,89.8,86.9,1,1,5,153,big_cow,60.773,53.436
call,2019-11-15,AKAM191115C00082500,82.5,9.65,10.1,0.117,3.0,-1,0.087,0.0,90.08,90.0,89.8,86.9,1,1,5,153,big_cow,60.773,53.436
call,2019-11-15,AKAM191115C00085000,85.0,0.0,0.0,0.0,2.0,-1,0.059,0.0,90.08,90.0,89.8,86.9,1,1,5,153,big_cow,60.773,53.436
call,2019-11-15,AKAM191115C00087500,87.5,6.0,6.6,0.069,3.0,-1,0.031,0.0,90.08,90.0,89.8,86.9,1,1,5,153,big_cow,60.773,53.436
call,2019-11-15,AKAM191115C00090000,90.0,0.0,0.0,0.0,18.0,-1,0.004,0.0,90.08,90.0,89.8,86.9,1,1,5,153,big_cow,60.773,53.436
call,2019-11-15,AKAM191115C00092500,92.5,3.1,3.3,0.034,115.0,-1,0.024,0.0,90.08,90.0,89.8,86.9,1,1,5,153,big_cow,60.773,53.436
call,2019-11-15,AKAM191115C00095000,95.0,0.0,0.0,0.0,1.0,-1,0.052,0.0,90.08,90.0,89.8,86.9,1,1,5,153,big_cow,60.773,53.436
call,2019-11-15,AKAM191115C00097500,97.5,1.31,1.42,0.013,17.0,-1,0.079,0.0,90.08,90.0,89.8,86.9,1,1,5,153,big_cow,60.773,53.436
call,2019-11-15,AKAM191115C00100000,100.0,0.8,0.85,0.008,13.0,-1,0.107,0.0,90.08,90.0,89.8,86.9,1,1,5,153,big_cow,60.773,53.436
call,2019-11-15,AKAM191115C00105000,105.0,0.16,0.45,0.002,1.0,-1,0.163,0.0,90.08,90.0,89.8,86.9,1,1,5,153,big_cow,60.773,53.436
call,2019-11-15,AKAM191115C00110000,110.0,0.0,0.0,0.0,1.0,-1,0.218,0.0,90.08,90.0,89.8,86.9,1,1,5,153,big_cow,60.773,53.436
put,2019-11-15,AKAM191115P00045000,45.0,0.0,3.0,0.0,nan,-1,0.502,0.0,90.08,90.0,89.8,86.9,1,1,5,153,big_cow,60.773,53.436
put,2019-11-15,AKAM191115P00050000,50.0,0.01,0.66,0.0,2.0,-1,0.446,0.0,90.08,90.0,89.8,86.9,1,1,5,153,big_cow,60.773,53.436
put,2019-11-15,AKAM191115P00055000,55.0,0.0,0.0,0.0,4.0,-1,0.391,0.0,90.08,90.0,89.8,86.9,1,1,5,153,big_cow,60.773,53.436
put,2019-11-15,AKAM191115P00060000,60.0,0.0,0.7,0.0,2.0,-1,0.336,0.0,90.08,90.0,89.8,86.9,1,1,5,153,big_cow,60.773,53.436
put,2019-11-15,AKAM191115P00062500,62.5,0.0,0.75,0.0,3.0,-1,0.308,0.0,90.08,90.0,89.8,86.9,1,1,5,153,big_cow,60.773,53.436
put,2019-11-15,AKAM191115P00065000,65.0,0.0,0.8,0.0,5.0,-1,0.28,0.0,90.08,90.0,89.8,86.9,1,1,5,153,big_cow,60.773,53.436
put,2019-11-15,AKAM191115P00067500,67.5,0.0,0.0,0.0,1.0,-1,0.253,0.0,90.08,90.0,89.8,86.9,1,1,5,153,big_cow,60.773,53.436
put,2019-11-15,AKAM191115P00070000,70.0,0.0,0.0,0.0,1.0,-1,0.225,0.0,90.08,90.0,89.8,86.9,1,1,5,153,big_cow,60.773,53.436
put,2019-11-15,AKAM191115P00072500,72.5,0.09,0.35,0.001,15.0,-1,0.197,0.0,90.08,90.0,89.8,86.9,1,1,5,153,big_cow,60.773,53.436
put,2019-11-15,AKAM191115P00075000,75.0,0.13,0.34,0.002,3.0,-1,0.17,0.0,90.08,90.0,89.8,86.9,1,1,5,153,big_cow,60.773,53.436
put,2019-11-15,AKAM191115P00077500,77.5,0.27,0.48,0.003,51.0,-1,0.142,0.0,90.08,90.0,89.8,86.9,1,1,5,153,big_cow,60.773,53.436
put,2019-11-15,AKAM191115P00080000,80.0,0.0,0.0,0.0,1.0,-1,0.114,0.0,90.08,90.0,89.8,86.9,1,1,5,153,big_cow,60.773,53.436
put,2019-11-15,AKAM191115P00082500,82.5,0.87,0.9,0.011,30.0,-1,0.087,0.0,90.08,90.0,89.8,86.9,1,1,5,153,big_cow,60.773,53.436
put,2019-11-15,AKAM191115P00085000,85.0,0.0,0.0,0.0,3.0,-1,0.059,0.0,90.08,90.0,89.8,86.9,1,1,5,153,big_cow,60.773,53.436
put,2019-11-15,AKAM191115P00087500,87.5,2.02,2.05,0.023,119.0,-1,0.031,0.0,90.08,90.0,89.8,86.9,1,1,5,153,big_cow,60.773,53.436
put,2019-11-15,AKAM191115P00090000,90.0,2.94,3.05,0.033,26.0,-1,0.004,0.0,90.08,90.0,89.8,86.9,1,1,5,153,big_cow,60.773,53.436
put,2019-11-15,AKAM191115P00092500,92.5,4.1,4.3,0.044,2.0,-1,0.024,0.0,90.08,90.0,89.8,86.9,1,1,5,153,big_cow,60.773,53.436
put,2019-11-15,AKAM191115P00095000,95.0,5.55,5.8,0.058,7.0,-1,0.052,0.0,90.08,90.0,89.8,86.9,1,1,5,153,big_cow,60.773,53.436
put,2019-11-15,AKAM191115P00100000,100.0,0.0,0.0,0.0,2.0,-1,0.107,0.0,90.08,90.0,89.8,86.9,1,1,5,153,big_cow,60.773,53.436
call,2019-11-22,AKAM191122C00086000,86.0,0.0,0.0,0.0,nan,-1,0.048,0.0,90.08,90.0,89.8,86.9,1,1,5,153,big_cow,60.773,53.436
call,2019-11-22,AKAM191122C00088000,88.0,0.0,0.0,0.0,nan,-1,0.026,0.0,90.08,90.0,89.8,86.9,1,1,5,153,big_cow,60.773,53.436
call,2019-11-22,AKAM191122C00089500,89.5,4.95,5.1,0.055,nan,-1,0.009,0.0,90.08,90.0,89.8,86.9,1,1,5,153,big_cow,60.773,53.436
call,2019-11-22,AKAM191122C00090000,90.0,4.3,5.25,0.048,1.0,-1,0.004,0.0,90.08,90.0,89.8,86.9,1,1,5,153,big_cow,60.773,53.436
call,2019-11-22,AKAM191122C00090500,90.5,4.35,4.9,0.048,8.0,-1,0.002,0.0,90.08,90.0,89.8,86.9,1,1,5,153,big_cow,60.773,53.436
call,2019-11-22,AKAM191122C00091000,91.0,4.0,4.3,0.044,nan,-1,0.008,0.0,90.08,90.0,89.8,86.9,1,1,5,153,big_cow,60.773,53.436
call,2019-11-22,AKAM191122C00092000,92.0,0.0,0.0,0.0,nan,-1,0.019,0.0,90.08,90.0,89.8,86.9,1,1,5,153,big_cow,60.773,53.436
call,2019-11-22,AKAM191122C00092500,92.5,0.0,0.0,0.0,nan,-1,0.024,0.0,90.08,90.0,89.8,86.9,1,1,5,153,big_cow,60.773,53.436
put,2019-11-22,AKAM191122P00080000,80.0,0.55,0.76,0.007,nan,-1,0.114,0.0,90.08,90.0,89.8,86.9,1,1,5,153,big_cow,60.773,53.436
put,2019-11-22,AKAM191122P00083000,83.0,0.99,1.4,0.012,nan,-1,0.081,0.0,90.08,90.0,89.8,86.9,1,1,5,153,big_cow,60.773,53.436
put,2019-11-22,AKAM191122P00083500,83.5,0.0,0.0,0.0,nan,-1,0.076,0.0,90.08,90.0,89.8,86.9,1,1,5,153,big_cow,60.773,53.436
put,2019-11-22,AKAM191122P00084000,84.0,0.0,0.0,0.0,nan,-1,0.07,0.0,90.08,90.0,89.8,86.9,1,1,5,153,big_cow,60.773,53.436
put,2019-11-22,AKAM191122P00085000,85.0,1.44,1.83,0.017,nan,-1,0.059,0.0,90.08,90.0,89.8,86.9,1,1,5,153,big_cow,60.773,53.436
put,2019-11-22,AKAM191122P00085500,85.5,1.61,1.69,0.019,nan,-1,0.053,0.0,90.08,90.0,89.8,86.9,1,1,5,153,big_cow,60.773,53.436
put,2019-11-22,AKAM191122P00086000,86.0,1.79,2.07,0.021,6.0,-1,0.048,0.0,90.08,90.0,89.8,86.9,1,1,5,153,big_cow,60.773,53.436
put,2019-11-22,AKAM191122P00086500,86.5,1.82,2.22,0.021,nan,-1,0.042,0.0,90.08,90.0,89.8,86.9,1,1,5,153,big_cow,60.773,53.436
put,2019-11-22,AKAM191122P00087500,87.5,2.21,2.49,0.025,5.0,-1,0.031,0.0,90.08,90.0,89.8,86.9,1,1,5,153,big_cow,60.773,53.436
put,2019-11-22,AKAM191122P00090000,90.0,0.0,0.0,0.0,nan,-1,0.004,0.0,90.08,90.0,89.8,86.9,1,1,5,153,big_cow,60.773,53.436
call,2019-11-29,AKAM191129C00084500,84.5,8.35,8.95,0.099,nan,-1,0.064,0.0,90.08,90.0,89.8,86.9,1,1,5,153,big_cow,60.773,53.436
call,2019-11-29,AKAM191129C00085500,85.5,7.6,8.05,0.089,nan,-1,0.053,0.0,90.08,90.0,89.8,86.9,1,1,5,153,big_cow,60.773,53.436
call,2019-11-29,AKAM191129C00095000,95.0,0.0,0.0,0.0,nan,-1,0.052,0.0,90.08,90.0,89.8,86.9,1,1,5,153,big_cow,60.773,53.436
put,2019-11-29,AKAM191129P00082500,82.5,0.0,0.0,0.0,nan,-1,0.087,0.0,90.08,90.0,89.8,86.9,1,1,5,153,big_cow,60.773,53.436
put,2019-11-29,AKAM191129P00083500,83.5,1.17,1.43,0.014,10.0,-1,0.076,-0.69000006,90.08,90.0,89.8,86.9,1,1,5,153,big_cow,60.773,53.436
call,2020-01-17,AKAM200117C00027500,27.5,0.0,0.0,0.0,0,-1,0.696,0.0,90.08,90.0,89.8,86.9,1,1,5,153,big_cow,60.773,53.436
call,2020-01-17,AKAM200117C00030000,30.0,0.0,0.0,0.0,0,-1,0.668,0.0,90.08,90.0,89.8,86.9,1,1,5,153,big_cow,60.773,53.436
call,2020-01-17,AKAM200117C00032500,32.5,46.6,50.3,1.434,2,-1,0.64,0.0,90.08,90.0,89.8,86.9,1,1,5,153,big_cow,60.773,53.436
call,2020-01-17,AKAM200117C00037500,37.5,46.95,51.4,1.252,10,-1,0.585,0.0,90.08,90.0,89.8,86.9,1,1,5,153,big_cow,60.773,53.436
call,2020-01-17,AKAM200117C00040000,40.0,40.4,42.95,1.01,2,-1,0.557,0.0,90.08,90.0,89.8,86.9,1,1,5,153,big_cow,60.773,53.436
call,2020-01-17,AKAM200117C00045000,45.0,0.0,0.0,0.0,0,-1,0.502,0.0,90.08,90.0,89.8,86.9,1,1,5,153,big_cow,60.773,53.436
call,2020-01-17,AKAM200117C00047500,47.5,32.45,35.45,0.683,0,-1,0.474,0.0,90.08,90.0,89.8,86.9,1,1,5,153,big_cow,60.773,53.436
call,2020-01-17,AKAM200117C00050000,50.0,39.25,43.8,0.785,1,-1,0.446,0.0,90.08,90.0,89.8,86.9,1,1,5,153,big_cow,60.773,53.436
call,2020-01-17,AKAM200117C00052500,52.5,0.0,0.0,0.0,0,-1,0.419,0.0,90.08,90.0,89.8,86.9,1,1,5,153,big_cow,60.773,53.436
call,2020-01-17,AKAM200117C00055000,55.0,32.75,37.35,0.595,7,-1,0.391,0.0,90.08,90.0,89.8,86.9,1,1,5,153,big_cow,60.773,53.436
call,2020-01-17,AKAM200117C00057500,57.5,23.85,25.4,0.415,1,-1,0.363,0.0,90.08,90.0,89.8,86.9,1,1,5,153,big_cow,60.773,53.436
call,2020-01-17,AKAM200117C00060000,60.0,27.75,32.1,0.463,2,-1,0.336,0.0,90.08,90.0,89.8,86.9,1,1,5,153,big_cow,60.773,53.436
call,2020-01-17,AKAM200117C00062500,62.5,21.1,21.7,0.338,2,-1,0.308,0.0,90.08,90.0,89.8,86.9,1,1,5,153,big_cow,60.773,53.436
call,2020-01-17,AKAM200117C00065000,65.0,0.0,0.0,0.0,3,-1,0.28,0.0,90.08,90.0,89.8,86.9,1,1,5,153,big_cow,60.773,53.436
call,2020-01-17,AKAM200117C00067500,67.5,22.05,25.8,0.327,3,-1,0.253,0.0,90.08,90.0,89.8,86.9,1,1,5,153,big_cow,60.773,53.436
call,2020-01-17,AKAM200117C00070000,70.0,0.0,0.0,0.0,2,-1,0.225,0.0,90.08,90.0,89.8,86.9,1,1,5,153,big_cow,60.773,53.436
call,2020-01-17,AKAM200117C00072500,72.5,18.3,21.45,0.252,2,-1,0.197,0.0,90.08,90.0,89.8,86.9,1,1,5,153,big_cow,60.773,53.436
call,2020-01-17,AKAM200117C00075000,75.0,15.8,19.25,0.211,32,-1,0.17,0.0,90.08,90.0,89.8,86.9,1,1,5,153,big_cow,60.773,53.436
call,2020-01-17,AKAM200117C00077500,77.5,0.0,0.0,0.0,20,-1,0.142,0.0,90.08,90.0,89.8,86.9,1,1,5,153,big_cow,60.773,53.436
call,2020-01-17,AKAM200117C00080000,80.0,0.0,0.0,0.0,2,-1,0.114,0.0,90.08,90.0,89.8,86.9,1,1,5,153,big_cow,60.773,53.436
call,2020-01-17,AKAM200117C00082500,82.5,10.95,11.25,0.133,4,-1,0.087,-0.10000038,90.08,90.0,89.8,86.9,1,1,5,153,big_cow,60.773,53.436
call,2020-01-17,AKAM200117C00085000,85.0,9.1,9.55,0.107,29,-1,0.059,0.5999994,90.08,90.0,89.8,86.9,1,1,5,153,big_cow,60.773,53.436
call,2020-01-17,AKAM200117C00087500,87.5,7.35,7.85,0.084,2,-1,0.031,1.25,90.08,90.0,89.8,86.9,1,1,5,153,big_cow,60.773,53.436
call,2020-01-17,AKAM200117C00090000,90.0,5.85,6.2,0.065,10,-1,0.004,0.8499999,90.08,90.0,89.8,86.9,1,1,5,153,big_cow,60.773,53.436
call,2020-01-17,AKAM200117C00092500,92.5,4.45,4.85,0.048,6,-1,0.024,0.0,90.08,90.0,89.8,86.9,1,1,5,153,big_cow,60.773,53.436
call,2020-01-17,AKAM200117C00095000,95.0,3.4,3.75,0.036,3,-1,0.052,0.42000008,90.08,90.0,89.8,86.9,1,1,5,153,big_cow,60.773,53.436
call,2020-01-17,AKAM200117C00097500,97.5,0.0,0.0,0.0,3,-1,0.079,0.0,90.08,90.0,89.8,86.9,1,1,5,153,big_cow,60.773,53.436
call,2020-01-17,AKAM200117C00100000,100.0,1.66,1.97,0.017,6,-1,0.107,0.3499999,90.08,90.0,89.8,86.9,1,1,5,153,big_cow,60.773,53.436
call,2020-01-17,AKAM200117C00105000,105.0,0.71,1.11,0.007,3,-1,0.163,0.0,90.08,90.0,89.8,86.9,1,1,5,153,big_cow,60.773,53.436
call,2020-01-17,AKAM200117C00110000,110.0,0.26,0.48,0.002,11,-1,0.218,0.0,90.08,90.0,89.8,86.9,1,1,5,153,big_cow,60.773,53.436
call,2020-01-17,AKAM200117C00115000,115.0,0.05,0.34,0.0,4,-1,0.273,0.0,90.08,90.0,89.8,86.9,1,1,5,153,big_cow,60.773,53.436
call,2020-01-17,AKAM200117C00120000,120.0,0.07,0.33,0.001,5,-1,0.329,0.0,90.08,90.0,89.8,86.9,1,1,5,153,big_cow,60.773,53.436
put,2020-01-17,AKAM200117P00027500,27.5,0.0,0.0,0.0,3.0,-1,0.696,0.0,90.08,90.0,89.8,86.9,1,1,5,153,big_cow,60.773,53.436
put,2020-01-17,AKAM200117P00030000,30.0,0.0,0.0,0.0,0.0,-1,0.668,0.0,90.08,90.0,89.8,86.9,1,1,5,153,big_cow,60.773,53.436
put,2020-01-17,AKAM200117P00032500,32.5,0.0,0.95,0.0,0.0,-1,0.64,0.0,90.08,90.0,89.8,86.9,1,1,5,153,big_cow,60.773,53.436
put,2020-01-17,AKAM200117P00035000,35.0,0.0,0.0,0.0,0.0,-1,0.612,0.0,90.08,90.0,89.8,86.9,1,1,5,153,big_cow,60.773,53.436
put,2020-01-17,AKAM200117P00037500,37.5,0.0,0.0,0.0,0.0,-1,0.585,0.0,90.08,90.0,89.8,86.9,1,1,5,153,big_cow,60.773,53.436
put,2020-01-17,AKAM200117P00040000,40.0,0.0,0.0,0.0,0.0,-1,0.557,0.0,90.08,90.0,89.8,86.9,1,1,5,153,big_cow,60.773,53.436
put,2020-01-17,AKAM200117P00042500,42.5,0.05,0.5,0.001,0.0,-1,0.529,0.0,90.08,90.0,89.8,86.9,1,1,5,153,big_cow,60.773,53.436
put,2020-01-17,AKAM200117P00045000,45.0,0.0,1.58,0.0,1.0,-1,0.502,0.0,90.08,90.0,89.8,86.9,1,1,5,153,big_cow,60.773,53.436
put,2020-01-17,AKAM200117P00047500,47.5,0.0,0.75,0.0,20.0,-1,0.474,0.0,90.08,90.0,89.8,86.9,1,1,5,153,big_cow,60.773,53.436
put,2020-01-17,AKAM200117P00050000,50.0,0.0,0.8,0.0,5.0,-1,0.446,0.0,90.08,90.0,89.8,86.9,1,1,5,153,big_cow,60.773,53.436
put,2020-01-17,AKAM200117P00052500,52.5,0.0,0.28,0.0,1.0,-1,0.419,0.0,90.08,90.0,89.8,86.9,1,1,5,153,big_cow,60.773,53.436
put,2020-01-17,AKAM200117P00055000,55.0,0.0,0.0,0.0,5.0,-1,0.391,0.0,90.08,90.0,89.8,86.9,1,1,5,153,big_cow,60.773,53.436
put,2020-01-17,AKAM200117P00057500,57.5,0.0,0.55,0.0,6.0,-1,0.363,0.0,90.08,90.0,89.8,86.9,1,1,5,153,big_cow,60.773,53.436
put,2020-01-17,AKAM200117P00060000,60.0,0.0,0.0,0.0,3.0,-1,0.336,0.0,90.08,90.0,89.8,86.9,1,1,5,153,big_cow,60.773,53.436
put,2020-01-17,AKAM200117P00062500,62.5,0.0,0.0,0.0,4.0,-1,0.308,0.0,90.08,90.0,89.8,86.9,1,1,5,153,big_cow,60.773,53.436
put,2020-01-17,AKAM200117P00065000,65.0,0.05,0.75,0.001,2.0,-1,0.28,0.0,90.08,90.0,89.8,86.9,1,1,5,153,big_cow,60.773,53.436
put,2020-01-17,AKAM200117P00067500,67.5,0.0,0.0,0.0,1.0,-1,0.253,0.0,90.08,90.0,89.8,86.9,1,1,5,153,big_cow,60.773,53.436
put,2020-01-17,AKAM200117P00070000,70.0,0.24,0.41,0.003,21.0,-1,0.225,0.0,90.08,90.0,89.8,86.9,1,1,5,153,big_cow,60.773,53.436
put,2020-01-17,AKAM200117P00072500,72.5,0.4,0.57,0.006,1.0,-1,0.197,0.0,90.08,90.0,89.8,86.9,1,1,5,153,big_cow,60.773,53.436
put,2020-01-17,AKAM200117P00075000,75.0,0.61,0.99,0.008,2.0,-1,0.17,-0.22999996,90.08,90.0,89.8,86.9,1,1,5,153,big_cow,60.773,53.436
put,2020-01-17,AKAM200117P00077500,77.5,1.36,1.74,0.018,11.0,-1,0.142,0.0,90.08,90.0,89.8,86.9,1,1,5,153,big_cow,60.773,53.436
put,2020-01-17,AKAM200117P00080000,80.0,0.0,0.0,0.0,5.0,-1,0.114,0.0,90.08,90.0,89.8,86.9,1,1,5,153,big_cow,60.773,53.436
put,2020-01-17,AKAM200117P00082500,82.5,1.69,1.95,0.02,6.0,-1,0.087,0.0,90.08,90.0,89.8,86.9,1,1,5,153,big_cow,60.773,53.436
put,2020-01-17,AKAM200117P00085000,85.0,2.34,2.6,0.028,6.0,-1,0.059,-0.4599998,90.08,90.0,89.8,86.9,1,1,5,153,big_cow,60.773,53.436
put,2020-01-17,AKAM200117P00087500,87.5,3.1,3.4,0.035,12.0,-1,0.031,-0.5500002,90.08,90.0,89.8,86.9,1,1,5,153,big_cow,60.773,53.436
put,2020-01-17,AKAM200117P00090000,90.0,0.0,0.0,0.0,1.0,-1,0.004,0.0,90.08,90.0,89.8,86.9,1,1,5,153,big_cow,60.773,53.436
put,2020-01-17,AKAM200117P00092500,92.5,5.2,5.55,0.056,10.0,-1,0.024,-1.3299999,90.08,90.0,89.8,86.9,1,1,5,153,big_cow,60.773,53.436
put,2020-01-17,AKAM200117P00095000,95.0,8.6,9.55,0.091,2.0,-1,0.052,0.0,90.08,90.0,89.8,86.9,1,1,5,153,big_cow,60.773,53.436
put,2020-01-17,AKAM200117P00100000,100.0,0.0,0.0,0.0,0.0,-1,0.107,0.0,90.08,90.0,89.8,86.9,1,1,5,153,big_cow,60.773,53.436
put,2020-01-17,AKAM200117P00105000,105.0,22.65,24.95,0.216,0.0,-1,0.163,0.0,90.08,90.0,89.8,86.9,1,1,5,153,big_cow,60.773,53.436
put,2020-01-17,AKAM200117P00110000,110.0,0.0,0.0,0.0,0.0,-1,0.218,0.0,90.08,90.0,89.8,86.9,1,1,5,153,big_cow,60.773,53.436
put,2020-01-17,AKAM200117P00115000,115.0,0.0,0.0,0.0,0.0,-1,0.273,0.0,90.08,90.0,89.8,86.9,1,1,5,153,big_cow,60.773,53.436
put,2020-01-17,AKAM200117P00120000,120.0,28.5,28.8,0.237,nan,-1,0.329,0.0,90.08,90.0,89.8,86.9,1,1,5,153,big_cow,60.773,53.436
call,2020-02-21,AKAM200221C00070000,70.0,0.0,0.0,0.0,1.0,-1,0.225,0.0,90.08,90.0,89.8,86.9,1,1,5,153,big_cow,60.773,53.436
call,2020-02-21,AKAM200221C00075000,75.0,15.8,19.45,0.211,nan,-1,0.17,0.0,90.08,90.0,89.8,86.9,1,1,5,153,big_cow,60.773,53.436
call,2020-02-21,AKAM200221C00077500,77.5,12.8,14.0,0.165,1.0,-1,0.142,0.0,90.08,90.0,89.8,86.9,1,1,5,153,big_cow,60.773,53.436
call,2020-02-21,AKAM200221C00080000,80.0,13.9,14.35,0.174,1.0,-1,0.114,0.0,90.08,90.0,89.8,86.9,1,1,5,153,big_cow,60.773,53.436
call,2020-02-21,AKAM200221C00082500,82.5,0.0,0.0,0.0,3.0,-1,0.087,0.0,90.08,90.0,89.8,86.9,1,1,5,153,big_cow,60.773,53.436
call,2020-02-21,AKAM200221C00085000,85.0,10.25,10.9,0.121,4.0,-1,0.059,0.0,90.08,90.0,89.8,86.9,1,1,5,153,big_cow,60.773,53.436
call,2020-02-21,AKAM200221C00087500,87.5,8.7,9.05,0.099,10.0,-1,0.031,0.0,90.08,90.0,89.8,86.9,1,1,5,153,big_cow,60.773,53.436
call,2020-02-21,AKAM200221C00090000,90.0,7.25,7.75,0.081,10.0,-1,0.004,0.0,90.08,90.0,89.8,86.9,1,1,5,153,big_cow,60.773,53.436
call,2020-02-21,AKAM200221C00092500,92.5,0.0,0.0,0.0,10.0,-1,0.024,0.0,90.08,90.0,89.8,86.9,1,1,5,153,big_cow,60.773,53.436
call,2020-02-21,AKAM200221C00095000,95.0,4.9,5.5,0.052,1.0,-1,0.052,0.6000004,90.08,90.0,89.8,86.9,1,1,5,153,big_cow,60.773,53.436
call,2020-02-21,AKAM200221C00097500,97.5,0.0,0.0,0.0,5.0,-1,0.079,0.0,90.08,90.0,89.8,86.9,1,1,5,153,big_cow,60.773,53.436
call,2020-02-21,AKAM200221C00100000,100.0,3.05,3.5,0.03,2.0,-1,0.107,0.25,90.08,90.0,89.8,86.9,1,1,5,153,big_cow,60.773,53.436
call,2020-02-21,AKAM200221C00105000,105.0,0.0,0.0,0.0,3.0,-1,0.163,0.0,90.08,90.0,89.8,86.9,1,1,5,153,big_cow,60.773,53.436
call,2020-02-21,AKAM200221C00110000,110.0,0.91,1.38,0.008,3.0,-1,0.218,0.0,90.08,90.0,89.8,86.9,1,1,5,153,big_cow,60.773,53.436
call,2020-02-21,AKAM200221C00115000,115.0,0.36,1.64,0.003,1.0,-1,0.273,0.0,90.08,90.0,89.8,86.9,1,1,5,153,big_cow,60.773,53.436
call,2020-02-21,AKAM200221C00120000,120.0,0.26,1.65,0.002,nan,-1,0.329,0.0,90.08,90.0,89.8,86.9,1,1,5,153,big_cow,60.773,53.436
put,2020-02-21,AKAM200221P00055000,55.0,0.19,0.68,0.003,20.0,-1,0.391,0.0,90.08,90.0,89.8,86.9,1,1,5,153,big_cow,60.773,53.436
put,2020-02-21,AKAM200221P00065000,65.0,0.25,0.6,0.004,4.0,-1,0.28,0.0,90.08,90.0,89.8,86.9,1,1,5,153,big_cow,60.773,53.436
put,2020-02-21,AKAM200221P00070000,70.0,0.71,1.1,0.01,4.0,-1,0.225,0.0,90.08,90.0,89.8,86.9,1,1,5,153,big_cow,60.773,53.436
put,2020-02-21,AKAM200221P00075000,75.0,1.12,1.73,0.015,5.0,-1,0.17,0.0,90.08,90.0,89.8,86.9,1,1,5,153,big_cow,60.773,53.436
put,2020-02-21,AKAM200221P00077500,77.5,0.96,2.54,0.012,nan,-1,0.142,0.0,90.08,90.0,89.8,86.9,1,1,5,153,big_cow,60.773,53.436
put,2020-02-21,AKAM200221P00080000,80.0,2.22,2.43,0.028,1.0,-1,0.114,0.0,90.08,90.0,89.8,86.9,1,1,5,153,big_cow,60.773,53.436
put,2020-02-21,AKAM200221P00082500,82.5,2.51,3.15,0.03,1.0,-1,0.087,0.0,90.08,90.0,89.8,86.9,1,1,5,153,big_cow,60.773,53.436
put,2020-02-21,AKAM200221P00085000,85.0,0.0,0.0,0.0,5.0,-1,0.059,0.0,90.08,90.0,89.8,86.9,1,1,5,153,big_cow,60.773,53.436
put,2020-02-21,AKAM200221P00087500,87.5,0.0,0.0,0.0,5.0,-1,0.031,0.0,90.08,90.0,89.8,86.9,1,1,5,153,big_cow,60.773,53.436
put,2020-02-21,AKAM200221P00090000,90.0,5.35,5.6,0.059,10.0,-1,0.004,0.0,90.08,90.0,89.8,86.9,1,1,5,153,big_cow,60.773,53.436
put,2020-02-21,AKAM200221P00092500,92.5,0.0,0.0,0.0,10.0,-1,0.024,0.0,90.08,90.0,89.8,86.9,1,1,5,153,big_cow,60.773,53.436
put,2020-02-21,AKAM200221P00097500,97.5,0.0,0.0,0.0,nan,-1,0.079,0.0,90.08,90.0,89.8,86.9,1,1,5,153,big_cow,60.773,53.436
put,2020-02-21,AKAM200221P00115000,115.0,25.15,28.5,0.219,nan,-1,0.273,0.0,90.08,90.0,89.8,86.9,1,1,5,153,big_cow,60.773,53.436
call,2020-05-15,AKAM200515C00080000,80.0,15.7,16.35,0.196,5.0,-1,0.114,0.0,90.08,90.0,89.8,86.9,1,1,5,153,big_cow,60.773,53.436
call,2020-05-15,AKAM200515C00085000,85.0,0.0,0.0,0.0,nan,-1,0.059,0.0,90.08,90.0,89.8,86.9,1,1,5,153,big_cow,60.773,53.436
call,2020-05-15,AKAM200515C00097500,97.5,5.85,6.25,0.06,nan,-1,0.079,0.0,90.08,90.0,89.8,86.9,1,1,5,153,big_cow,60.773,53.436
call,2020-05-15,AKAM200515C00100000,100.0,0.0,0.0,0.0,1.0,-1,0.107,0.0,90.08,90.0,89.8,86.9,1,1,5,153,big_cow,60.773,53.436
put,2020-05-15,AKAM200515P00065000,65.0,0.98,1.3,0.015,4.0,-1,0.28,0.0,90.08,90.0,89.8,86.9,1,1,5,153,big_cow,60.773,53.436
put,2020-05-15,AKAM200515P00075000,75.0,2.3,2.9,0.031,6.0,-1,0.17,0.0,90.08,90.0,89.8,86.9,1,1,5,153,big_cow,60.773,53.436
put,2020-05-15,AKAM200515P00080000,80.0,0.0,0.0,0.0,1.0,-1,0.114,0.0,90.08,90.0,89.8,86.9,1,1,5,153,big_cow,60.773,53.436
put,2020-05-15,AKAM200515P00085000,85.0,4.95,5.6,0.058,nan,-1,0.059,0.0,90.08,90.0,89.8,86.9,1,1,5,153,big_cow,60.773,53.436
put,2020-05-15,AKAM200515P00087500,87.5,6.0,6.55,0.069,1.0,-1,0.031,0.0,90.08,90.0,89.8,86.9,1,1,5,153,big_cow,60.773,53.436
put,2020-05-15,AKAM200515P00090000,90.0,6.85,7.6,0.076,60.0,-1,0.004,-0.42000008,90.08,90.0,89.8,86.9,1,1,5,153,big_cow,60.773,53.436
put,2020-05-15,AKAM200515P00092500,92.5,8.3,8.8,0.09,nan,-1,0.024,0.0,90.08,90.0,89.8,86.9,1,1,5,153,big_cow,60.773,53.436
call,2021-01-15,AKAM210115C00030000,30.0,0.0,0.0,0.0,0.0,-1,0.668,0.0,90.08,90.0,89.8,86.9,1,1,5,153,big_cow,60.773,53.436
call,2021-01-15,AKAM210115C00032500,32.5,47.5,52.05,1.462,2.0,-1,0.64,0.0,90.08,90.0,89.8,86.9,1,1,5,153,big_cow,60.773,53.436
call,2021-01-15,AKAM210115C00037500,37.5,0.0,0.0,0.0,0.0,-1,0.585,0.0,90.08,90.0,89.8,86.9,1,1,5,153,big_cow,60.773,53.436
call,2021-01-15,AKAM210115C00040000,40.0,0.0,0.0,0.0,2.0,-1,0.557,0.0,90.08,90.0,89.8,86.9,1,1,5,153,big_cow,60.773,53.436
call,2021-01-15,AKAM210115C00042500,42.5,38.8,42.6,0.913,0.0,-1,0.529,0.0,90.08,90.0,89.8,86.9,1,1,5,153,big_cow,60.773,53.436
call,2021-01-15,AKAM210115C00045000,45.0,0.0,0.0,0.0,0.0,-1,0.502,0.0,90.08,90.0,89.8,86.9,1,1,5,153,big_cow,60.773,53.436
call,2021-01-15,AKAM210115C00047500,47.5,0.0,0.0,0.0,0.0,-1,0.474,0.0,90.08,90.0,89.8,86.9,1,1,5,153,big_cow,60.773,53.436
call,2021-01-15,AKAM210115C00050000,50.0,0.0,0.0,0.0,0.0,-1,0.446,0.0,90.08,90.0,89.8,86.9,1,1,5,153,big_cow,60.773,53.436
call,2021-01-15,AKAM210115C00055000,55.0,35.05,39.6,0.637,0.0,-1,0.391,0.0,90.08,90.0,89.8,86.9,1,1,5,153,big_cow,60.773,53.436
call,2021-01-15,AKAM210115C00057500,57.5,36.9,38.65,0.642,nan,-1,0.363,0.0,90.08,90.0,89.8,86.9,1,1,5,153,big_cow,60.773,53.436
call,2021-01-15,AKAM210115C00060000,60.0,0.0,0.0,0.0,20.0,-1,0.336,0.0,90.08,90.0,89.8,86.9,1,1,5,153,big_cow,60.773,53.436
call,2021-01-15,AKAM210115C00062500,62.5,23.5,24.25,0.376,2.0,-1,0.308,0.0,90.08,90.0,89.8,86.9,1,1,5,153,big_cow,60.773,53.436
call,2021-01-15,AKAM210115C00065000,65.0,29.1,31.8,0.448,1.0,-1,0.28,0.0,90.08,90.0,89.8,86.9,1,1,5,153,big_cow,60.773,53.436
call,2021-01-15,AKAM210115C00067500,67.5,27.65,29.15,0.41,3.0,-1,0.253,0.0,90.08,90.0,89.8,86.9,1,1,5,153,big_cow,60.773,53.436
call,2021-01-15,AKAM210115C00070000,70.0,24.75,27.3,0.354,3.0,-1,0.225,0.0,90.08,90.0,89.8,86.9,1,1,5,153,big_cow,60.773,53.436
call,2021-01-15,AKAM210115C00072500,72.5,22.6,25.5,0.312,1.0,-1,0.197,0.0,90.08,90.0,89.8,86.9,1,1,5,153,big_cow,60.773,53.436
call,2021-01-15,AKAM210115C00075000,75.0,21.65,23.35,0.289,1.0,-1,0.17,0.0,90.08,90.0,89.8,86.9,1,1,5,153,big_cow,60.773,53.436
call,2021-01-15,AKAM210115C00077500,77.5,0.0,0.0,0.0,1.0,-1,0.142,0.0,90.08,90.0,89.8,86.9,1,1,5,153,big_cow,60.773,53.436
call,2021-01-15,AKAM210115C00080000,80.0,17.75,22.2,0.222,10.0,-1,0.114,0.0,90.08,90.0,89.8,86.9,1,1,5,153,big_cow,60.773,53.436
call,2021-01-15,AKAM210115C00082500,82.5,15.6,18.4,0.189,1.0,-1,0.087,0.0,90.08,90.0,89.8,86.9,1,1,5,153,big_cow,60.773,53.436
call,2021-01-15,AKAM210115C00085000,85.0,16.15,17.0,0.19,5.0,-1,0.059,0.0,90.08,90.0,89.8,86.9,1,1,5,153,big_cow,60.773,53.436
call,2021-01-15,AKAM210115C00087500,87.5,14.75,15.55,0.169,9.0,-1,0.031,0.0,90.08,90.0,89.8,86.9,1,1,5,153,big_cow,60.773,53.436
call,2021-01-15,AKAM210115C00090000,90.0,0.0,0.0,0.0,22.0,-1,0.004,0.0,90.08,90.0,89.8,86.9,1,1,5,153,big_cow,60.773,53.436
call,2021-01-15,AKAM210115C00092500,92.5,10.55,13.35,0.114,nan,-1,0.024,0.0,90.08,90.0,89.8,86.9,1,1,5,153,big_cow,60.773,53.436
call,2021-01-15,AKAM210115C00095000,95.0,11.3,13.8,0.119,1.0,-1,0.052,0.0,90.08,90.0,89.8,86.9,1,1,5,153,big_cow,60.773,53.436
call,2021-01-15,AKAM210115C00097500,97.5,0.0,0.0,0.0,3.0,-1,0.079,0.0,90.08,90.0,89.8,86.9,1,1,5,153,big_cow,60.773,53.436
call,2021-01-15,AKAM210115C00100000,100.0,0.0,0.0,0.0,30.0,-1,0.107,0.0,90.08,90.0,89.8,86.9,1,1,5,153,big_cow,60.773,53.436
call,2021-01-15,AKAM210115C00105000,105.0,0.0,0.0,0.0,2.0,-1,0.163,0.0,90.08,90.0,89.8,86.9,1,1,5,153,big_cow,60.773,53.436
call,2021-01-15,AKAM210115C00110000,110.0,5.4,6.0,0.049,2.0,-1,0.218,0.0,90.08,90.0,89.8,86.9,1,1,5,153,big_cow,60.773,53.436
call,2021-01-15,AKAM210115C00115000,115.0,3.95,4.8,0.034,2.0,-1,0.273,0.0,90.08,90.0,89.8,86.9,1,1,5,153,big_cow,60.773,53.436
call,2021-01-15,AKAM210115C00120000,120.0,3.1,3.65,0.026,2.0,-1,0.329,0.0,90.08,90.0,89.8,86.9,1,1,5,153,big_cow,60.773,53.436
call,2021-01-15,AKAM210115C00125000,125.0,2.21,2.89,0.018,nan,-1,0.384,0.0,90.08,90.0,89.8,86.9,1,1,5,153,big_cow,60.773,53.436
call,2021-01-15,AKAM210115C00130000,130.0,0.3,3.4,0.002,10.0,-1,0.439,0.0,90.08,90.0,89.8,86.9,1,1,5,153,big_cow,60.773,53.436
put,2021-01-15,AKAM210115P00030000,30.0,0.0,4.75,0.0,8.0,-1,0.668,0.0,90.08,90.0,89.8,86.9,1,1,5,153,big_cow,60.773,53.436
put,2021-01-15,AKAM210115P00032500,32.5,0.0,1.65,0.0,0.0,-1,0.64,0.0,90.08,90.0,89.8,86.9,1,1,5,153,big_cow,60.773,53.436
put,2021-01-15,AKAM210115P00035000,35.0,0.01,1.75,0.0,1.0,-1,0.612,0.0,90.08,90.0,89.8,86.9,1,1,5,153,big_cow,60.773,53.436
put,2021-01-15,AKAM210115P00037500,37.5,0.0,2.73,0.0,2.0,-1,0.585,0.0,90.08,90.0,89.8,86.9,1,1,5,153,big_cow,60.773,53.436
put,2021-01-15,AKAM210115P00040000,40.0,0.08,1.98,0.002,0.0,-1,0.557,0.0,90.08,90.0,89.8,86.9,1,1,5,153,big_cow,60.773,53.436
put,2021-01-15,AKAM210115P00045000,45.0,0.67,1.79,0.015,200.0,-1,0.502,0.0,90.08,90.0,89.8,86.9,1,1,5,153,big_cow,60.773,53.436
put,2021-01-15,AKAM210115P00047500,47.5,0.84,2.05,0.018,nan,-1,0.474,0.0,90.08,90.0,89.8,86.9,1,1,5,153,big_cow,60.773,53.436
put,2021-01-15,AKAM210115P00050000,50.0,0.0,3.0,0.0,2.0,-1,0.446,0.0,90.08,90.0,89.8,86.9,1,1,5,153,big_cow,60.773,53.436
put,2021-01-15,AKAM210115P00052500,52.5,1.34,2.55,0.026,66.0,-1,0.419,0.0,90.08,90.0,89.8,86.9,1,1,5,153,big_cow,60.773,53.436
put,2021-01-15,AKAM210115P00055000,55.0,1.13,2.29,0.021,1.0,-1,0.391,0.0,90.08,90.0,89.8,86.9,1,1,5,153,big_cow,60.773,53.436
put,2021-01-15,AKAM210115P00057500,57.5,1.21,1.87,0.021,24.0,-1,0.363,0.0,90.08,90.0,89.8,86.9,1,1,5,153,big_cow,60.773,53.436
put,2021-01-15,AKAM210115P00060000,60.0,1.75,2.18,0.029,1.0,-1,0.336,-0.55999994,90.08,90.0,89.8,86.9,1,1,5,153,big_cow,60.773,53.436
put,2021-01-15,AKAM210115P00062500,62.5,1.93,2.32,0.031,1.0,-1,0.308,0.0,90.08,90.0,89.8,86.9,1,1,5,153,big_cow,60.773,53.436
put,2021-01-15,AKAM210115P00065000,65.0,0.83,5.2,0.013,1.0,-1,0.28,0.0,90.08,90.0,89.8,86.9,1,1,5,153,big_cow,60.773,53.436
put,2021-01-15,AKAM210115P00067500,67.5,2.81,3.25,0.042,1.0,-1,0.253,0.0,90.08,90.0,89.8,86.9,1,1,5,153,big_cow,60.773,53.436
put,2021-01-15,AKAM210115P00070000,70.0,0.0,0.0,0.0,1.0,-1,0.225,0.0,90.08,90.0,89.8,86.9,1,1,5,153,big_cow,60.773,53.436
put,2021-01-15,AKAM210115P00072500,72.5,0.0,0.0,0.0,1.0,-1,0.197,0.0,90.08,90.0,89.8,86.9,1,1,5,153,big_cow,60.773,53.436
put,2021-01-15,AKAM210115P00075000,75.0,4.4,5.2,0.059,1.0,-1,0.17,0.14000034,90.08,90.0,89.8,86.9,1,1,5,153,big_cow,60.773,53.436
put,2021-01-15,AKAM210115P00077500,77.5,0.0,0.0,0.0,1.0,-1,0.142,0.0,90.08,90.0,89.8,86.9,1,1,5,153,big_cow,60.773,53.436
put,2021-01-15,AKAM210115P00080000,80.0,6.0,6.65,0.075,1.0,-1,0.114,0.0,90.08,90.0,89.8,86.9,1,1,5,153,big_cow,60.773,53.436
put,2021-01-15,AKAM210115P00082500,82.5,6.9,7.55,0.084,1.0,-1,0.087,0.0,90.08,90.0,89.8,86.9,1,1,5,153,big_cow,60.773,53.436
put,2021-01-15,AKAM210115P00085000,85.0,7.9,8.7,0.093,1.0,-1,0.059,0.0,90.08,90.0,89.8,86.9,1,1,5,153,big_cow,60.773,53.436
put,2021-01-15,AKAM210115P00087500,87.5,0.0,0.0,0.0,1.0,-1,0.031,0.0,90.08,90.0,89.8,86.9,1,1,5,153,big_cow,60.773,53.436
put,2021-01-15,AKAM210115P00090000,90.0,0.0,0.0,0.0,5.0,-1,0.004,0.0,90.08,90.0,89.8,86.9,1,1,5,153,big_cow,60.773,53.436
put,2021-01-15,AKAM210115P00092500,92.5,0.0,0.0,0.0,1.0,-1,0.024,0.0,90.08,90.0,89.8,86.9,1,1,5,153,big_cow,60.773,53.436
put,2021-01-15,AKAM210115P00095000,95.0,14.4,15.3,0.152,1.0,-1,0.052,0.0,90.08,90.0,89.8,86.9,1,1,5,153,big_cow,60.773,53.436
put,2021-01-15,AKAM210115P00097500,97.5,13.9,14.65,0.143,nan,-1,0.079,0.0,90.08,90.0,89.8,86.9,1,1,5,153,big_cow,60.773,53.436
put,2021-01-15,AKAM210115P00115000,115.0,0.0,0.0,0.0,nan,-1,0.273,0.0,90.08,90.0,89.8,86.9,1,1,5,153,big_cow,60.773,53.436
put,2021-01-15,AKAM210115P00120000,120.0,29.55,30.35,0.246,nan,-1,0.329,0.0,90.08,90.0,89.8,86.9,1,1,5,153,big_cow,60.773,53.436
put,2021-01-15,AKAM210115P00125000,125.0,34.95,36.95,0.28,1.0,-1,0.384,0.0,90.08,90.0,89.8,86.9,1,1,5,153,big_cow,60.773,53.436
call,2022-01-21,AKAM220121C00060000,60.0,35.0,39.1,0.583,nan,-1,0.336,0.0,90.08,90.0,89.8,86.9,1,1,5,153,big_cow,60.773,53.436
call,2022-01-21,AKAM220121C00070000,70.0,27.8,32.4,0.397,1.0,-1,0.225,0.0,90.08,90.0,89.8,86.9,1,1,5,153,big_cow,60.773,53.436
call,2022-01-21,AKAM220121C00082500,82.5,21.5,23.15,0.261,nan,-1,0.087,0.0,90.08,90.0,89.8,86.9,1,1,5,153,big_cow,60.773,53.436
call,2022-01-21,AKAM220121C00097500,97.5,0.0,0.0,0.0,nan,-1,0.079,0.0,90.08,90.0,89.8,86.9,1,1,5,153,big_cow,60.773,53.436
call,2022-01-21,AKAM220121C00100000,100.0,12.85,15.05,0.129,nan,-1,0.107,0.0,90.08,90.0,89.8,86.9,1,1,5,153,big_cow,60.773,53.436
call,2022-01-21,AKAM220121C00110000,110.0,9.15,11.6,0.083,nan,-1,0.218,0.0,90.08,90.0,89.8,86.9,1,1,5,153,big_cow,60.773,53.436
call,2022-01-21,AKAM220121C00125000,125.0,5.05,7.15,0.04,nan,-1,0.384,0.0,90.08,90.0,89.8,86.9,1,1,5,153,big_cow,60.773,53.436
put,2022-01-21,AKAM220121P00075000,75.0,0.0,0.0,0.0,nan,-1,0.17,0.0,90.08,90.0,89.8,86.9,1,1,5,153,big_cow,60.773,53.436
